{"cameraMode":{"drawMode":0,"name":"Shaded","section":"Shading Mode"},"sceneLighting":false,"audioPlay":false,"sceneViewState":{"m_AlwaysRefresh":false,"showFog":true,"showSkybox":false,"showFlares":true,"showImageEffects":true,"showParticleSystems":true,"showVisualEffectGraphs":true,"m_FxEnabled":true},"in2DMode":false,"pivot":{"x":-0.3250000476837158,"y":1.2784781455993653,"z":0.05000007152557373},"rotation":{"x":0.30008047819137576,"y":0.33367690443992617,"z":-0.11295169591903687,"w":0.8864869475364685},"size":2.2394964694976808,"orthographic":true}