{"cameraMode":{"drawMode":0,"name":"Shaded","section":"Shading Mode"},"sceneLighting":false,"audioPlay":false,"sceneViewState":{"m_AlwaysRefresh":false,"showFog":false,"showSkybox":false,"showFlares":false,"showImageEffects":false,"showParticleSystems":false,"showVisualEffectGraphs":true,"m_FxEnabled":true},"in2DMode":false,"pivot":{"x":-0.17574630677700044,"y":0.5926792621612549,"z":-0.029118835926055909},"rotation":{"x":0.06086046248674393,"y":-0.001497254823334515,"z":0.00009147240780293941,"w":0.9981461763381958},"size":0.4803244471549988,"orthographic":false}