{"cameraMode":{"drawMode":0,"name":"Shaded","section":"Shading Mode"},"sceneLighting":true,"audioPlay":false,"sceneViewState":{"m_AlwaysRefresh":false,"showFog":true,"showSkybox":true,"showFlares":true,"showImageEffects":true,"showParticleSystems":true,"showVisualEffectGraphs":true,"m_FxEnabled":true},"in2DMode":false,"pivot":{"x":0.1276547908782959,"y":-0.5853151082992554,"z":0.13566702604293824},"rotation":{"x":0.4062833786010742,"y":-0.2367085963487625,"z":0.1098223552107811,"w":0.8756959438323975},"size":5.535428524017334,"orthographic":false}