{"cameraMode":{"drawMode":0,"name":"Shaded","section":"Shading Mode"},"sceneLighting":true,"audioPlay":false,"sceneViewState":{"m_AlwaysRefresh":false,"showFog":true,"showSkybox":true,"showFlares":true,"showImageEffects":true,"showParticleSystems":true,"showVisualEffectGraphs":true,"m_FxEnabled":true},"in2DMode":false,"pivot":{"x":10.700815200805664,"y":-1.1629760265350342,"z":8.274235725402832},"rotation":{"x":0.20137260854244233,"y":0.41481998562812807,"z":-0.09467928111553192,"w":0.8822768330574036},"size":4.289957046508789,"orthographic":false}